<application>
  <component name="ProjectManager">
    <defaultProject>
      <component name="Encoding" native2AsciiForPropertiesFiles="true" defaultCharsetForPropertiesFiles="UTF-8">
        <file url="PROJECT" charset="UTF-8" />
      </component>
      <component name="MavenImportPreferences">
        <option name="generalSettings">
          <MavenGeneralSettings>
            <option name="localRepository" value="D:\maven\repository" />
            <option name="mavenHome" value="D:/maven/apache-maven-3.5.4" />
            <option name="userSettingsFile" value="D:\maven\apache-maven-3.5.4\conf\settings.xml" />
          </MavenGeneralSettings>
        </option>
      </component>
      <component name="ProjectInspectionProfilesVisibleTreeState">
        <entry key="Project Default">
          <profile-state>
            <expanded-state>
              <State>
                <id>Android</id>
              </State>
              <State>
                <id>EditorConfig</id>
              </State>
              <State>
                <id>Internationalization</id>
              </State>
              <State>
                <id>InternationalizationJava</id>
              </State>
              <State>
                <id>InternationalizationLintAndroid</id>
              </State>
              <State>
                <id>JPA</id>
              </State>
              <State>
                <id>Java</id>
              </State>
              <State>
                <id>Java EE</id>
              </State>
              <State>
                <id>LintAndroid</id>
              </State>
            </expanded-state>
            <selected-state>
              <State>
                <id>EditorConfigEncoding</id>
              </State>
            </selected-state>
          </profile-state>
        </entry>
      </component>
      <component name="PropertiesComponent"><![CDATA[{
  "keyToString": {
    "settings.editor.selected.configurable": "MavenSettings"
  }
}]]></component>
    </defaultProject>
  </component>
</application>