<application>
  <component name="MavenWrapperMapping">
    <option name="mapping">
      <map>
        <entry key="https://repo.maven.apache.org/maven2/org/apache/maven/apache-maven/3.8.6/apache-maven-3.8.6-bin.zip" value="C:\Users\Administrator\.m2\wrapper\dists\apache-maven-3.8.6-bin\1ks0nkde5v1pk9vtc31i9d0lcd\apache-maven-3.8.6" />
        <entry key="https://repo1.maven.org/maven2/org/apache/maven/apache-maven/3.6.1/apache-maven-3.6.1-bin.zip" value="C:\Users\Administrator\.m2\wrapper\dists\apache-maven-3.6.1-bin\18t1vjepdne9cv9t0hdcik0hp1\apache-maven-3.6.1" />
      </map>
    </option>
  </component>
</application>